Item,Price
Gunda Crewneck With F22,€ 610 exc VAT
Gunda Crewneck With F22,€ 610 exc VAT
Gunda Crewneck With F22,€ 610 exc VAT
Tailored Biker Trouser,€ 695 exc VAT
Gunda Crewneck With F22,€ 610 exc VAT
Tailored Biker Trouser,€ 695 exc VAT
Storm Flap Shirt,€ 290 exc VAT
Storm Flap Shirt,€ 290 exc VAT
Storm Flap Shirt,€ 290 exc VAT
Storm Flap Shirt,€ 290 exc VAT
Geminus Trousers,€ 580 exc VAT
Laertes Flat Bomber,€ 990 exc VAT
Barbara Fur Vest,€ 720 exc VAT
Tailored Biker Jacket,€ 1090 exc VAT
Mieze Mohair Crewneck,€ 520 exc VAT
Mieze Mohair Crewneck,€ 520 exc VAT
Mieze Mohair Crewneck,€ 520 exc VAT
Mieze Mohair Crewneck,€ 520 exc VAT
Harry Vest,€ 340 exc VAT
Harry Vest,€ 340 exc VAT
Harry Vest,€ 340 exc VAT
Astrakhan Overshirt,€ 710 exc VAT
Klaus Mohair Cardigan,€ 830 exc VAT
Klaus Mohair Cardigan,€ 830 exc VAT
Ziggurat Tailored Trouser,€ 420 exc VAT
Jochen Mohair Turtleneck,€ 600 exc VAT
Ziggurat Tailored Trouser,€ 420 exc VAT
Jochen Mohair Turtleneck,€ 600 exc VAT
Jochen Mohair Turtleneck,Out of Stock
Klaus Mohair Cardigan,Out of Stock
Klaus Mohair Cardigan,Out of Stock
123,123
